Period,Sub_Period,Sum_forecast
2016,1,2532275.58184154
2016,2,2534886.22167871
2016,3,2538156.81531991
2016,4,2538122.83707475
2016,5,2543397.93943933
2016,6,2543039.83569722
2016,7,2546073.44482233
2016,8,2548503.28753611
2016,9,2557980.72667259
2016,10,2558588.30379885
2016,11,2561618.78782252
2016,12,2554737.80825541
